Workbook

Sheet Setup
A1: DAILY SAVING CALENDAR
A2: Change the yellow cells — every month calendar updates automatically
A4: Start Date | B4: 46209
A5: Number of Days | B5: 100
A6: Day 1 Amount ($) | B6: 1
A7: Daily Increase ($) | B7: 1
A9: Total Goal (if every day saved) | B9: =SUMPRODUCT((ROW(INDIRECT("1:"&B5))-1)*B7+B6) -> 5050
A11: Each month has its own calendar tab. Every day box shows the day number and the amount to save that day. Type Y in the small box under the amount once you've actually saved it — the weekly and monthly totals add up automatically. NOTE: changing the Start Date here moves which days count toward your challenge, but the calendar tabs still show real calendar months — add more month tabs if your challenge runs longer.

Sheet Jul 2026
A1: JULY 2026
A2: Sunday | B2: Monday | C2: Tuesday | D2: Wednesday | E2: Thursday | F2: Friday | G2: Saturday | H2: Week Total
D3: 1 | E3: 2 | F3: 3 | G3: 4 | H3: =SUMPRODUCT((UPPER(A5:G5)="Y")*IF(A4:G4="",0,A4:G4)) -> 0
D4: =IF(AND(DATE(2026,7,1)>=Setup!$B$4,DATE(2026,7,1)<=Setup!$B$4+Setup!$B$5-1),Setup!$B$6+(DATE(2026,7,1)-Setup!$B$4)*Setup!$B$7,"") | E4: =IF(AND(DATE(2026,7,2)>=Setup!$B$4,DATE(2026,7,2)<=Setup!$B$4+Setup!$B$5-1),Setup!$B$6+(DATE(2026,7,2)-Setup!$B$4)*Setup!$B$7,"") | F4: =IF(AND(DATE(2026,7,3)>=Setup!$B$4,DATE(2026,7,3)<=Setup!$B$4+Setup!$B$5-1),Setup!$B$6+(DATE(2026,7,3)-Setup!$B$4)*Setup!$B$7,"") | G4: =IF(AND(DATE(2026,7,4)>=Setup!$B$4,DATE(2026,7,4)<=Setup!$B$4+Setup!$B$5-1),Setup!$B$6+(DATE(2026,7,4)-Setup!$B$4)*Setup!$B$7,"")
A6: 5 | B6: 6 | C6: 7 | D6: 8 | E6: 9 | F6: 10 | G6: 11 | H6: =SUMPRODUCT((UPPER(A8:G8)="Y")*IF(A7:G7="",0,A7:G7)) -> 0
A7: =IF(AND(DATE(2026,7,5)>=Setup!$B$4,DATE(2026,7,5)<=Setup!$B$4+Setup!$B$5-1),Setup!$B$6+(DATE(2026,7,5)-Setup!$B$4)*Setup!$B$7,"") | B7: =IF(AND(DATE(2026,7,6)>=Setup!$B$4,DATE(2026,7,6)<=Setup!$B$4+Setup!$B$5-1),Setup!$B$6+(DATE(2026,7,6)-Setup!$B$4)*Setup!$B$7,"") -> 1 | C7: =IF(AND(DATE(2026,7,7)>=Setup!$B$4,DATE(2026,7,7)<=Setup!$B$4+Setup!$B$5-1),Setup!$B$6+(DATE(2026,7,7)-Setup!$B$4)*Setup!$B$7,"") -> 2 | D7: =IF(AND(DATE(2026,7,8)>=Setup!$B$4,DATE(2026,7,8)<=Setup!$B$4+Setup!$B$5-1),Setup!$B$6+(DATE(2026,7,8)-Setup!$B$4)*Setup!$B$7,"") -> 3 | E7: =IF(AND(DATE(2026,7,9)>=Setup!$B$4,DATE(2026,7,9)<=Setup!$B$4+Setup!$B$5-1),Setup!$B$6+(DATE(2026,7,9)-Setup!$B$4)*Setup!$B$7,"") -> 4 | F7: =IF(AND(DATE(2026,7,10)>=Setup!$B$4,DATE(2026,7,10)<=Setup!$B$4+Setup!$B$5-1),Setup!$B$6+(DATE(2026,7,10)-Setup!$B$4)*Setup!$B$7,"") -> 5 | G7: =IF(AND(DATE(2026,7,11)>=Setup!$B$4,DATE(2026,7,11)<=Setup!$B$4+Setup!$B$5-1),Setup!$B$6+(DATE(2026,7,11)-Setup!$B$4)*Setup!$B$7,"") -> 6
A9: 12 | B9: 13 | C9: 14 | D9: 15 | E9: 16 | F9: 17 | G9: 18 | H9: =SUMPRODUCT((UPPER(A11:G11)="Y")*IF(A10:G10="",0,A10:G10)) -> 0
A10: =IF(AND(DATE(2026,7,12)>=Setup!$B$4,DATE(2026,7,12)<=Setup!$B$4+Setup!$B$5-1),Setup!$B$6+(DATE(2026,7,12)-Setup!$B$4)*Setup!$B$7,"") -> 7 | B10: =IF(AND(DATE(2026,7,13)>=Setup!$B$4,DATE(2026,7,13)<=Setup!$B$4+Setup!$B$5-1),Setup!$B$6+(DATE(2026,7,13)-Setup!$B$4)*Setup!$B$7,"") -> 8 | C10: =IF(AND(DATE(2026,7,14)>=Setup!$B$4,DATE(2026,7,14)<=Setup!$B$4+Setup!$B$5-1),Setup!$B$6+(DATE(2026,7,14)-Setup!$B$4)*Setup!$B$7,"") -> 9 | D10: =IF(AND(DATE(2026,7,15)>=Setup!$B$4,DATE(2026,7,15)<=Setup!$B$4+Setup!$B$5-1),Setup!$B$6+(DATE(2026,7,15)-Setup!$B$4)*Setup!$B$7,"") -> 10 | E10: =IF(AND(DATE(2026,7,16)>=Setup!$B$4,DATE(2026,7,16)<=Setup!$B$4+Setup!$B$5-1),Setup!$B$6+(DATE(2026,7,16)-Setup!$B$4)*Setup!$B$7,"") -> 11 | F10: =IF(AND(DATE(2026,7,17)>=Setup!$B$4,DATE(2026,7,17)<=Setup!$B$4+Setup!$B$5-1),Setup!$B$6+(DATE(2026,7,17)-Setup!$B$4)*Setup!$B$7,"") -> 12 | G10: =IF(AND(DATE(2026,7,18)>=Setup!$B$4,DATE(2026,7,18)<=Setup!$B$4+Setup!$B$5-1),Setup!$B$6+(DATE(2026,7,18)-Setup!$B$4)*Setup!$B$7,"") -> 13
A12: 19 | B12: 20 | C12: 21 | D12: 22 | E12: 23 | F12: 24 | G12: 25 | H12: =SUMPRODUCT((UPPER(A14:G14)="Y")*IF(A13:G13="",0,A13:G13)) -> 0
A13: =IF(AND(DATE(2026,7,19)>=Setup!$B$4,DATE(2026,7,19)<=Setup!$B$4+Setup!$B$5-1),Setup!$B$6+(DATE(2026,7,19)-Setup!$B$4)*Setup!$B$7,"") -> 14 | B13: =IF(AND(DATE(2026,7,20)>=Setup!$B$4,DATE(2026,7,20)<=Setup!$B$4+Setup!$B$5-1),Setup!$B$6+(DATE(2026,7,20)-Setup!$B$4)*Setup!$B$7,"") -> 15 | C13: =IF(AND(DATE(2026,7,21)>=Setup!$B$4,DATE(2026,7,21)<=Setup!$B$4+Setup!$B$5-1),Setup!$B$6+(DATE(2026,7,21)-Setup!$B$4)*Setup!$B$7,"") -> 16 | D13: =IF(AND(DATE(2026,7,22)>=Setup!$B$4,DATE(2026,7,22)<=Setup!$B$4+Setup!$B$5-1),Setup!$B$6+(DATE(2026,7,22)-Setup!$B$4)*Setup!$B$7,"") -> 17 | E13: =IF(AND(DATE(2026,7,23)>=Setup!$B$4,DATE(2026,7,23)<=Setup!$B$4+Setup!$B$5-1),Setup!$B$6+(DATE(2026,7,23)-Setup!$B$4)*Setup!$B$7,"") -> 18 | F13: =IF(AND(DATE(2026,7,24)>=Setup!$B$4,DATE(2026,7,24)<=Setup!$B$4+Setup!$B$5-1),Setup!$B$6+(DATE(2026,7,24)-Setup!$B$4)*Setup!$B$7,"") -> 19 | G13: =IF(AND(DATE(2026,7,25)>=Setup!$B$4,DATE(2026,7,25)<=Setup!$B$4+Setup!$B$5-1),Setup!$B$6+(DATE(2026,7,25)-Setup!$B$4)*Setup!$B$7,"") -> 20
A15: 26 | B15: 27 | C15: 28 | D15: 29 | E15: 30 | F15: 31 | H15: =SUMPRODUCT((UPPER(A17:G17)="Y")*IF(A16:G16="",0,A16:G16)) -> 0
A16: =IF(AND(DATE(2026,7,26)>=Setup!$B$4,DATE(2026,7,26)<=Setup!$B$4+Setup!$B$5-1),Setup!$B$6+(DATE(2026,7,26)-Setup!$B$4)*Setup!$B$7,"") -> 21 | B16: =IF(AND(DATE(2026,7,27)>=Setup!$B$4,DATE(2026,7,27)<=Setup!$B$4+Setup!$B$5-1),Setup!$B$6+(DATE(2026,7,27)-Setup!$B$4)*Setup!$B$7,"") -> 22 | C16: =IF(AND(DATE(2026,7,28)>=Setup!$B$4,DATE(2026,7,28)<=Setup!$B$4+Setup!$B$5-1),Setup!$B$6+(DATE(2026,7,28)-Setup!$B$4)*Setup!$B$7,"") -> 23 | D16: =IF(AND(DATE(2026,7,29)>=Setup!$B$4,DATE(2026,7,29)<=Setup!$B$4+Setup!$B$5-1),Setup!$B$6+(DATE(2026,7,29)-Setup!$B$4)*Setup!$B$7,"") -> 24 | E16: =IF(AND(DATE(2026,7,30)>=Setup!$B$4,DATE(2026,7,30)<=Setup!$B$4+Setup!$B$5-1),Setup!$B$6+(DATE(2026,7,30)-Setup!$B$4)*Setup!$B$7,"") -> 25 | F16: =IF(AND(DATE(2026,7,31)>=Setup!$B$4,DATE(2026,7,31)<=Setup!$B$4+Setup!$B$5-1),Setup!$B$6+(DATE(2026,7,31)-Setup!$B$4)*Setup!$B$7,"") -> 26
A18: MONTHLY TOTAL SAVED | H18: =H3+H6+H9+H12+H15 -> 0
A20: Type Y in the small yellow box under an amount once you've saved it that day.

Sheet Aug 2026
A1: AUGUST 2026
A2: Sunday | B2: Monday | C2: Tuesday | D2: Wednesday | E2: Thursday | F2: Friday | G2: Saturday | H2: Week Total
G3: 1 | H3: =SUMPRODUCT((UPPER(A5:G5)="Y")*IF(A4:G4="",0,A4:G4)) -> 0
G4: =IF(AND(DATE(2026,8,1)>=Setup!$B$4,DATE(2026,8,1)<=Setup!$B$4+Setup!$B$5-1),Setup!$B$6+(DATE(2026,8,1)-Setup!$B$4)*Setup!$B$7,"") -> 27
A6: 2 | B6: 3 | C6: 4 | D6: 5 | E6: 6 | F6: 7 | G6: 8 | H6: =SUMPRODUCT((UPPER(A8:G8)="Y")*IF(A7:G7="",0,A7:G7)) -> 0
A7: =IF(AND(DATE(2026,8,2)>=Setup!$B$4,DATE(2026,8,2)<=Setup!$B$4+Setup!$B$5-1),Setup!$B$6+(DATE(2026,8,2)-Setup!$B$4)*Setup!$B$7,"") -> 28 | B7: =IF(AND(DATE(2026,8,3)>=Setup!$B$4,DATE(2026,8,3)<=Setup!$B$4+Setup!$B$5-1),Setup!$B$6+(DATE(2026,8,3)-Setup!$B$4)*Setup!$B$7,"") -> 29 | C7: =IF(AND(DATE(2026,8,4)>=Setup!$B$4,DATE(2026,8,4)<=Setup!$B$4+Setup!$B$5-1),Setup!$B$6+(DATE(2026,8,4)-Setup!$B$4)*Setup!$B$7,"") -> 30 | D7: =IF(AND(DATE(2026,8,5)>=Setup!$B$4,DATE(2026,8,5)<=Setup!$B$4+Setup!$B$5-1),Setup!$B$6+(DATE(2026,8,5)-Setup!$B$4)*Setup!$B$7,"") -> 31 | E7: =IF(AND(DATE(2026,8,6)>=Setup!$B$4,DATE(2026,8,6)<=Setup!$B$4+Setup!$B$5-1),Setup!$B$6+(DATE(2026,8,6)-Setup!$B$4)*Setup!$B$7,"") -> 32 | F7: =IF(AND(DATE(2026,8,7)>=Setup!$B$4,DATE(2026,8,7)<=Setup!$B$4+Setup!$B$5-1),Setup!$B$6+(DATE(2026,8,7)-Setup!$B$4)*Setup!$B$7,"") -> 33 | G7: =IF(AND(DATE(2026,8,8)>=Setup!$B$4,DATE(2026,8,8)<=Setup!$B$4+Setup!$B$5-1),Setup!$B$6+(DATE(2026,8,8)-Setup!$B$4)*Setup!$B$7,"") -> 34
A9: 9 | B9: 10 | C9: 11 | D9: 12 | E9: 13 | F9: 14 | G9: 15 | H9: =SUMPRODUCT((UPPER(A11:G11)="Y")*IF(A10:G10="",0,A10:G10)) -> 0
A10: =IF(AND(DATE(2026,8,9)>=Setup!$B$4,DATE(2026,8,9)<=Setup!$B$4+Setup!$B$5-1),Setup!$B$6+(DATE(2026,8,9)-Setup!$B$4)*Setup!$B$7,"") -> 35 | B10: =IF(AND(DATE(2026,8,10)>=Setup!$B$4,DATE(2026,8,10)<=Setup!$B$4+Setup!$B$5-1),Setup!$B$6+(DATE(2026,8,10)-Setup!$B$4)*Setup!$B$7,"") -> 36 | C10: =IF(AND(DATE(2026,8,11)>=Setup!$B$4,DATE(2026,8,11)<=Setup!$B$4+Setup!$B$5-1),Setup!$B$6+(DATE(2026,8,11)-Setup!$B$4)*Setup!$B$7,"") -> 37 | D10: =IF(AND(DATE(2026,8,12)>=Setup!$B$4,DATE(2026,8,12)<=Setup!$B$4+Setup!$B$5-1),Setup!$B$6+(DATE(2026,8,12)-Setup!$B$4)*Setup!$B$7,"") -> 38 | E10: =IF(AND(DATE(2026,8,13)>=Setup!$B$4,DATE(2026,8,13)<=Setup!$B$4+Setup!$B$5-1),Setup!$B$6+(DATE(2026,8,13)-Setup!$B$4)*Setup!$B$7,"") -> 39 | F10: =IF(AND(DATE(2026,8,14)>=Setup!$B$4,DATE(2026,8,14)<=Setup!$B$4+Setup!$B$5-1),Setup!$B$6+(DATE(2026,8,14)-Setup!$B$4)*Setup!$B$7,"") -> 40 | G10: =IF(AND(DATE(2026,8,15)>=Setup!$B$4,DATE(2026,8,15)<=Setup!$B$4+Setup!$B$5-1),Setup!$B$6+(DATE(2026,8,15)-Setup!$B$4)*Setup!$B$7,"") -> 41
A12: 16 | B12: 17 | C12: 18 | D12: 19 | E12: 20 | F12: 21 | G12: 22 | H12: =SUMPRODUCT((UPPER(A14:G14)="Y")*IF(A13:G13="",0,A13:G13)) -> 0
A13: =IF(AND(DATE(2026,8,16)>=Setup!$B$4,DATE(2026,8,16)<=Setup!$B$4+Setup!$B$5-1),Setup!$B$6+(DATE(2026,8,16)-Setup!$B$4)*Setup!$B$7,"") -> 42 | B13: =IF(AND(DATE(2026,8,17)>=Setup!$B$4,DATE(2026,8,17)<=Setup!$B$4+Setup!$B$5-1),Setup!$B$6+(DATE(2026,8,17)-Setup!$B$4)*Setup!$B$7,"") -> 43 | C13: =IF(AND(DATE(2026,8,18)>=Setup!$B$4,DATE(2026,8,18)<=Setup!$B$4+Setup!$B$5-1),Setup!$B$6+(DATE(2026,8,18)-Setup!$B$4)*Setup!$B$7,"") -> 44 | D13: =IF(AND(DATE(2026,8,19)>=Setup!$B$4,DATE(2026,8,19)<=Setup!$B$4+Setup!$B$5-1),Setup!$B$6+(DATE(2026,8,19)-Setup!$B$4)*Setup!$B$7,"") -> 45 | E13: =IF(AND(DATE(2026,8,20)>=Setup!$B$4,DATE(2026,8,20)<=Setup!$B$4+Setup!$B$5-1),Setup!$B$6+(DATE(2026,8,20)-Setup!$B$4)*Setup!$B$7,"") -> 46 | F13: =IF(AND(DATE(2026,8,21)>=Setup!$B$4,DATE(2026,8,21)<=Setup!$B$4+Setup!$B$5-1),Setup!$B$6+(DATE(2026,8,21)-Setup!$B$4)*Setup!$B$7,"") -> 47 | G13: =IF(AND(DATE(2026,8,22)>=Setup!$B$4,DATE(2026,8,22)<=Setup!$B$4+Setup!$B$5-1),Setup!$B$6+(DATE(2026,8,22)-Setup!$B$4)*Setup!$B$7,"") -> 48
A15: 23 | B15: 24 | C15: 25 | D15: 26 | E15: 27 | F15: 28 | G15: 29 | H15: =SUMPRODUCT((UPPER(A17:G17)="Y")*IF(A16:G16="",0,A16:G16)) -> 0
A16: =IF(AND(DATE(2026,8,23)>=Setup!$B$4,DATE(2026,8,23)<=Setup!$B$4+Setup!$B$5-1),Setup!$B$6+(DATE(2026,8,23)-Setup!$B$4)*Setup!$B$7,"") -> 49 | B16: =IF(AND(DATE(2026,8,24)>=Setup!$B$4,DATE(2026,8,24)<=Setup!$B$4+Setup!$B$5-1),Setup!$B$6+(DATE(2026,8,24)-Setup!$B$4)*Setup!$B$7,"") -> 50 | C16: =IF(AND(DATE(2026,8,25)>=Setup!$B$4,DATE(2026,8,25)<=Setup!$B$4+Setup!$B$5-1),Setup!$B$6+(DATE(2026,8,25)-Setup!$B$4)*Setup!$B$7,"") -> 51 | D16: =IF(AND(DATE(2026,8,26)>=Setup!$B$4,DATE(2026,8,26)<=Setup!$B$4+Setup!$B$5-1),Setup!$B$6+(DATE(2026,8,26)-Setup!$B$4)*Setup!$B$7,"") -> 52 | E16: =IF(AND(DATE(2026,8,27)>=Setup!$B$4,DATE(2026,8,27)<=Setup!$B$4+Setup!$B$5-1),Setup!$B$6+(DATE(2026,8,27)-Setup!$B$4)*Setup!$B$7,"") -> 53 | F16: =IF(AND(DATE(2026,8,28)>=Setup!$B$4,DATE(2026,8,28)<=Setup!$B$4+Setup!$B$5-1),Setup!$B$6+(DATE(2026,8,28)-Setup!$B$4)*Setup!$B$7,"") -> 54 | G16: =IF(AND(DATE(2026,8,29)>=Setup!$B$4,DATE(2026,8,29)<=Setup!$B$4+Setup!$B$5-1),Setup!$B$6+(DATE(2026,8,29)-Setup!$B$4)*Setup!$B$7,"") -> 55
A18: 30 | B18: 31 | H18: =SUMPRODUCT((UPPER(A20:G20)="Y")*IF(A19:G19="",0,A19:G19)) -> 0
A19: =IF(AND(DATE(2026,8,30)>=Setup!$B$4,DATE(2026,8,30)<=Setup!$B$4+Setup!$B$5-1),Setup!$B$6+(DATE(2026,8,30)-Setup!$B$4)*Setup!$B$7,"") -> 56 | B19: =IF(AND(DATE(2026,8,31)>=Setup!$B$4,DATE(2026,8,31)<=Setup!$B$4+Setup!$B$5-1),Setup!$B$6+(DATE(2026,8,31)-Setup!$B$4)*Setup!$B$7,"") -> 57
A21: MONTHLY TOTAL SAVED | H21: =H3+H6+H9+H12+H15+H18 -> 0
A23: Type Y in the small yellow box under an amount once you've saved it that day.

Sheet Sep 2026
A1: SEPTEMBER 2026
A2: Sunday | B2: Monday | C2: Tuesday | D2: Wednesday | E2: Thursday | F2: Friday | G2: Saturday | H2: Week Total
C3: 1 | D3: 2 | E3: 3 | F3: 4 | G3: 5 | H3: =SUMPRODUCT((UPPER(A5:G5)="Y")*IF(A4:G4="",0,A4:G4)) -> 0
C4: =IF(AND(DATE(2026,9,1)>=Setup!$B$4,DATE(2026,9,1)<=Setup!$B$4+Setup!$B$5-1),Setup!$B$6+(DATE(2026,9,1)-Setup!$B$4)*Setup!$B$7,"") -> 58 | D4: =IF(AND(DATE(2026,9,2)>=Setup!$B$4,DATE(2026,9,2)<=Setup!$B$4+Setup!$B$5-1),Setup!$B$6+(DATE(2026,9,2)-Setup!$B$4)*Setup!$B$7,"") -> 59 | E4: =IF(AND(DATE(2026,9,3)>=Setup!$B$4,DATE(2026,9,3)<=Setup!$B$4+Setup!$B$5-1),Setup!$B$6+(DATE(2026,9,3)-Setup!$B$4)*Setup!$B$7,"") -> 60 | F4: =IF(AND(DATE(2026,9,4)>=Setup!$B$4,DATE(2026,9,4)<=Setup!$B$4+Setup!$B$5-1),Setup!$B$6+(DATE(2026,9,4)-Setup!$B$4)*Setup!$B$7,"") -> 61 | G4: =IF(AND(DATE(2026,9,5)>=Setup!$B$4,DATE(2026,9,5)<=Setup!$B$4+Setup!$B$5-1),Setup!$B$6+(DATE(2026,9,5)-Setup!$B$4)*Setup!$B$7,"") -> 62
A6: 6 | B6: 7 | C6: 8 | D6: 9 | E6: 10 | F6: 11 | G6: 12 | H6: =SUMPRODUCT((UPPER(A8:G8)="Y")*IF(A7:G7="",0,A7:G7)) -> 0
A7: =IF(AND(DATE(2026,9,6)>=Setup!$B$4,DATE(2026,9,6)<=Setup!$B$4+Setup!$B$5-1),Setup!$B$6+(DATE(2026,9,6)-Setup!$B$4)*Setup!$B$7,"") -> 63 | B7: =IF(AND(DATE(2026,9,7)>=Setup!$B$4,DATE(2026,9,7)<=Setup!$B$4+Setup!$B$5-1),Setup!$B$6+(DATE(2026,9,7)-Setup!$B$4)*Setup!$B$7,"") -> 64 | C7: =IF(AND(DATE(2026,9,8)>=Setup!$B$4,DATE(2026,9,8)<=Setup!$B$4+Setup!$B$5-1),Setup!$B$6+(DATE(2026,9,8)-Setup!$B$4)*Setup!$B$7,"") -> 65 | D7: =IF(AND(DATE(2026,9,9)>=Setup!$B$4,DATE(2026,9,9)<=Setup!$B$4+Setup!$B$5-1),Setup!$B$6+(DATE(2026,9,9)-Setup!$B$4)*Setup!$B$7,"") -> 66 | E7: =IF(AND(DATE(2026,9,10)>=Setup!$B$4,DATE(2026,9,10)<=Setup!$B$4+Setup!$B$5-1),Setup!$B$6+(DATE(2026,9,10)-Setup!$B$4)*Setup!$B$7,"") -> 67 | F7: =IF(AND(DATE(2026,9,11)>=Setup!$B$4,DATE(2026,9,11)<=Setup!$B$4+Setup!$B$5-1),Setup!$B$6+(DATE(2026,9,11)-Setup!$B$4)*Setup!$B$7,"") -> 68 | G7: =IF(AND(DATE(2026,9,12)>=Setup!$B$4,DATE(2026,9,12)<=Setup!$B$4+Setup!$B$5-1),Setup!$B$6+(DATE(2026,9,12)-Setup!$B$4)*Setup!$B$7,"") -> 69
A9: 13 | B9: 14 | C9: 15 | D9: 16 | E9: 17 | F9: 18 | G9: 19 | H9: =SUMPRODUCT((UPPER(A11:G11)="Y")*IF(A10:G10="",0,A10:G10)) -> 0
A10: =IF(AND(DATE(2026,9,13)>=Setup!$B$4,DATE(2026,9,13)<=Setup!$B$4+Setup!$B$5-1),Setup!$B$6+(DATE(2026,9,13)-Setup!$B$4)*Setup!$B$7,"") -> 70 | B10: =IF(AND(DATE(2026,9,14)>=Setup!$B$4,DATE(2026,9,14)<=Setup!$B$4+Setup!$B$5-1),Setup!$B$6+(DATE(2026,9,14)-Setup!$B$4)*Setup!$B$7,"") -> 71 | C10: =IF(AND(DATE(2026,9,15)>=Setup!$B$4,DATE(2026,9,15)<=Setup!$B$4+Setup!$B$5-1),Setup!$B$6+(DATE(2026,9,15)-Setup!$B$4)*Setup!$B$7,"") -> 72 | D10: =IF(AND(DATE(2026,9,16)>=Setup!$B$4,DATE(2026,9,16)<=Setup!$B$4+Setup!$B$5-1),Setup!$B$6+(DATE(2026,9,16)-Setup!$B$4)*Setup!$B$7,"") -> 73 | E10: =IF(AND(DATE(2026,9,17)>=Setup!$B$4,DATE(2026,9,17)<=Setup!$B$4+Setup!$B$5-1),Setup!$B$6+(DATE(2026,9,17)-Setup!$B$4)*Setup!$B$7,"") -> 74 | F10: =IF(AND(DATE(2026,9,18)>=Setup!$B$4,DATE(2026,9,18)<=Setup!$B$4+Setup!$B$5-1),Setup!$B$6+(DATE(2026,9,18)-Setup!$B$4)*Setup!$B$7,"") -> 75 | G10: =IF(AND(DATE(2026,9,19)>=Setup!$B$4,DATE(2026,9,19)<=Setup!$B$4+Setup!$B$5-1),Setup!$B$6+(DATE(2026,9,19)-Setup!$B$4)*Setup!$B$7,"") -> 76
A12: 20 | B12: 21 | C12: 22 | D12: 23 | E12: 24 | F12: 25 | G12: 26 | H12: =SUMPRODUCT((UPPER(A14:G14)="Y")*IF(A13:G13="",0,A13:G13)) -> 0
A13: =IF(AND(DATE(2026,9,20)>=Setup!$B$4,DATE(2026,9,20)<=Setup!$B$4+Setup!$B$5-1),Setup!$B$6+(DATE(2026,9,20)-Setup!$B$4)*Setup!$B$7,"") -> 77 | B13: =IF(AND(DATE(2026,9,21)>=Setup!$B$4,DATE(2026,9,21)<=Setup!$B$4+Setup!$B$5-1),Setup!$B$6+(DATE(2026,9,21)-Setup!$B$4)*Setup!$B$7,"") -> 78 | C13: =IF(AND(DATE(2026,9,22)>=Setup!$B$4,DATE(2026,9,22)<=Setup!$B$4+Setup!$B$5-1),Setup!$B$6+(DATE(2026,9,22)-Setup!$B$4)*Setup!$B$7,"") -> 79 | D13: =IF(AND(DATE(2026,9,23)>=Setup!$B$4,DATE(2026,9,23)<=Setup!$B$4+Setup!$B$5-1),Setup!$B$6+(DATE(2026,9,23)-Setup!$B$4)*Setup!$B$7,"") -> 80 | E13: =IF(AND(DATE(2026,9,24)>=Setup!$B$4,DATE(2026,9,24)<=Setup!$B$4+Setup!$B$5-1),Setup!$B$6+(DATE(2026,9,24)-Setup!$B$4)*Setup!$B$7,"") -> 81 | F13: =IF(AND(DATE(2026,9,25)>=Setup!$B$4,DATE(2026,9,25)<=Setup!$B$4+Setup!$B$5-1),Setup!$B$6+(DATE(2026,9,25)-Setup!$B$4)*Setup!$B$7,"") -> 82 | G13: =IF(AND(DATE(2026,9,26)>=Setup!$B$4,DATE(2026,9,26)<=Setup!$B$4+Setup!$B$5-1),Setup!$B$6+(DATE(2026,9,26)-Setup!$B$4)*Setup!$B$7,"") -> 83
A15: 27 | B15: 28 | C15: 29 | D15: 30 | H15: =SUMPRODUCT((UPPER(A17:G17)="Y")*IF(A16:G16="",0,A16:G16)) -> 0
A16: =IF(AND(DATE(2026,9,27)>=Setup!$B$4,DATE(2026,9,27)<=Setup!$B$4+Setup!$B$5-1),Setup!$B$6+(DATE(2026,9,27)-Setup!$B$4)*Setup!$B$7,"") -> 84 | B16: =IF(AND(DATE(2026,9,28)>=Setup!$B$4,DATE(2026,9,28)<=Setup!$B$4+Setup!$B$5-1),Setup!$B$6+(DATE(2026,9,28)-Setup!$B$4)*Setup!$B$7,"") -> 85 | C16: =IF(AND(DATE(2026,9,29)>=Setup!$B$4,DATE(2026,9,29)<=Setup!$B$4+Setup!$B$5-1),Setup!$B$6+(DATE(2026,9,29)-Setup!$B$4)*Setup!$B$7,"") -> 86 | D16: =IF(AND(DATE(2026,9,30)>=Setup!$B$4,DATE(2026,9,30)<=Setup!$B$4+Setup!$B$5-1),Setup!$B$6+(DATE(2026,9,30)-Setup!$B$4)*Setup!$B$7,"") -> 87
A18: MONTHLY TOTAL SAVED | H18: =H3+H6+H9+H12+H15 -> 0
A20: Type Y in the small yellow box under an amount once you've saved it that day.

Sheet Oct 2026
A1: OCTOBER 2026
A2: Sunday | B2: Monday | C2: Tuesday | D2: Wednesday | E2: Thursday | F2: Friday | G2: Saturday | H2: Week Total
E3: 1 | F3: 2 | G3: 3 | H3: =SUMPRODUCT((UPPER(A5:G5)="Y")*IF(A4:G4="",0,A4:G4)) -> 0
E4: =IF(AND(DATE(2026,10,1)>=Setup!$B$4,DATE(2026,10,1)<=Setup!$B$4+Setup!$B$5-1),Setup!$B$6+(DATE(2026,10,1)-Setup!$B$4)*Setup!$B$7,"") -> 88 | F4: =IF(AND(DATE(2026,10,2)>=Setup!$B$4,DATE(2026,10,2)<=Setup!$B$4+Setup!$B$5-1),Setup!$B$6+(DATE(2026,10,2)-Setup!$B$4)*Setup!$B$7,"") -> 89 | G4: =IF(AND(DATE(2026,10,3)>=Setup!$B$4,DATE(2026,10,3)<=Setup!$B$4+Setup!$B$5-1),Setup!$B$6+(DATE(2026,10,3)-Setup!$B$4)*Setup!$B$7,"") -> 90
A6: 4 | B6: 5 | C6: 6 | D6: 7 | E6: 8 | F6: 9 | G6: 10 | H6: =SUMPRODUCT((UPPER(A8:G8)="Y")*IF(A7:G7="",0,A7:G7)) -> 0
A7: =IF(AND(DATE(2026,10,4)>=Setup!$B$4,DATE(2026,10,4)<=Setup!$B$4+Setup!$B$5-1),Setup!$B$6+(DATE(2026,10,4)-Setup!$B$4)*Setup!$B$7,"") -> 91 | B7: =IF(AND(DATE(2026,10,5)>=Setup!$B$4,DATE(2026,10,5)<=Setup!$B$4+Setup!$B$5-1),Setup!$B$6+(DATE(2026,10,5)-Setup!$B$4)*Setup!$B$7,"") -> 92 | C7: =IF(AND(DATE(2026,10,6)>=Setup!$B$4,DATE(2026,10,6)<=Setup!$B$4+Setup!$B$5-1),Setup!$B$6+(DATE(2026,10,6)-Setup!$B$4)*Setup!$B$7,"") -> 93 | D7: =IF(AND(DATE(2026,10,7)>=Setup!$B$4,DATE(2026,10,7)<=Setup!$B$4+Setup!$B$5-1),Setup!$B$6+(DATE(2026,10,7)-Setup!$B$4)*Setup!$B$7,"") -> 94 | E7: =IF(AND(DATE(2026,10,8)>=Setup!$B$4,DATE(2026,10,8)<=Setup!$B$4+Setup!$B$5-1),Setup!$B$6+(DATE(2026,10,8)-Setup!$B$4)*Setup!$B$7,"") -> 95 | F7: =IF(AND(DATE(2026,10,9)>=Setup!$B$4,DATE(2026,10,9)<=Setup!$B$4+Setup!$B$5-1),Setup!$B$6+(DATE(2026,10,9)-Setup!$B$4)*Setup!$B$7,"") -> 96 | G7: =IF(AND(DATE(2026,10,10)>=Setup!$B$4,DATE(2026,10,10)<=Setup!$B$4+Setup!$B$5-1),Setup!$B$6+(DATE(2026,10,10)-Setup!$B$4)*Setup!$B$7,"") -> 97
A9: 11 | B9: 12 | C9: 13 | D9: 14 | E9: 15 | F9: 16 | G9: 17 | H9: =SUMPRODUCT((UPPER(A11:G11)="Y")*IF(A10:G10="",0,A10:G10)) -> 0
A10: =IF(AND(DATE(2026,10,11)>=Setup!$B$4,DATE(2026,10,11)<=Setup!$B$4+Setup!$B$5-1),Setup!$B$6+(DATE(2026,10,11)-Setup!$B$4)*Setup!$B$7,"") -> 98 | B10: =IF(AND(DATE(2026,10,12)>=Setup!$B$4,DATE(2026,10,12)<=Setup!$B$4+Setup!$B$5-1),Setup!$B$6+(DATE(2026,10,12)-Setup!$B$4)*Setup!$B$7,"") -> 99 | C10: =IF(AND(DATE(2026,10,13)>=Setup!$B$4,DATE(2026,10,13)<=Setup!$B$4+Setup!$B$5-1),Setup!$B$6+(DATE(2026,10,13)-Setup!$B$4)*Setup!$B$7,"") -> 100 | D10: =IF(AND(DATE(2026,10,14)>=Setup!$B$4,DATE(2026,10,14)<=Setup!$B$4+Setup!$B$5-1),Setup!$B$6+(DATE(2026,10,14)-Setup!$B$4)*Setup!$B$7,"") | E10: =IF(AND(DATE(2026,10,15)>=Setup!$B$4,DATE(2026,10,15)<=Setup!$B$4+Setup!$B$5-1),Setup!$B$6+(DATE(2026,10,15)-Setup!$B$4)*Setup!$B$7,"") | F10: =IF(AND(DATE(2026,10,16)>=Setup!$B$4,DATE(2026,10,16)<=Setup!$B$4+Setup!$B$5-1),Setup!$B$6+(DATE(2026,10,16)-Setup!$B$4)*Setup!$B$7,"") | G10: =IF(AND(DATE(2026,10,17)>=Setup!$B$4,DATE(2026,10,17)<=Setup!$B$4+Setup!$B$5-1),Setup!$B$6+(DATE(2026,10,17)-Setup!$B$4)*Setup!$B$7,"")
A12: 18 | B12: 19 | C12: 20 | D12: 21 | E12: 22 | F12: 23 | G12: 24 | H12: =SUMPRODUCT((UPPER(A14:G14)="Y")*IF(A13:G13="",0,A13:G13)) -> 0
A13: =IF(AND(DATE(2026,10,18)>=Setup!$B$4,DATE(2026,10,18)<=Setup!$B$4+Setup!$B$5-1),Setup!$B$6+(DATE(2026,10,18)-Setup!$B$4)*Setup!$B$7,"") | B13: =IF(AND(DATE(2026,10,19)>=Setup!$B$4,DATE(2026,10,19)<=Setup!$B$4+Setup!$B$5-1),Setup!$B$6+(DATE(2026,10,19)-Setup!$B$4)*Setup!$B$7,"") | C13: =IF(AND(DATE(2026,10,20)>=Setup!$B$4,DATE(2026,10,20)<=Setup!$B$4+Setup!$B$5-1),Setup!$B$6+(DATE(2026,10,20)-Setup!$B$4)*Setup!$B$7,"") | D13: =IF(AND(DATE(2026,10,21)>=Setup!$B$4,DATE(2026,10,21)<=Setup!$B$4+Setup!$B$5-1),Setup!$B$6+(DATE(2026,10,21)-Setup!$B$4)*Setup!$B$7,"") | E13: =IF(AND(DATE(2026,10,22)>=Setup!$B$4,DATE(2026,10,22)<=Setup!$B$4+Setup!$B$5-1),Setup!$B$6+(DATE(2026,10,22)-Setup!$B$4)*Setup!$B$7,"") | F13: =IF(AND(DATE(2026,10,23)>=Setup!$B$4,DATE(2026,10,23)<=Setup!$B$4+Setup!$B$5-1),Setup!$B$6+(DATE(2026,10,23)-Setup!$B$4)*Setup!$B$7,"") | G13: =IF(AND(DATE(2026,10,24)>=Setup!$B$4,DATE(2026,10,24)<=Setup!$B$4+Setup!$B$5-1),Setup!$B$6+(DATE(2026,10,24)-Setup!$B$4)*Setup!$B$7,"")
A15: 25 | B15: 26 | C15: 27 | D15: 28 | E15: 29 | F15: 30 | G15: 31 | H15: =SUMPRODUCT((UPPER(A17:G17)="Y")*IF(A16:G16="",0,A16:G16)) -> 0
A16: =IF(AND(DATE(2026,10,25)>=Setup!$B$4,DATE(2026,10,25)<=Setup!$B$4+Setup!$B$5-1),Setup!$B$6+(DATE(2026,10,25)-Setup!$B$4)*Setup!$B$7,"") | B16: =IF(AND(DATE(2026,10,26)>=Setup!$B$4,DATE(2026,10,26)<=Setup!$B$4+Setup!$B$5-1),Setup!$B$6+(DATE(2026,10,26)-Setup!$B$4)*Setup!$B$7,"") | C16: =IF(AND(DATE(2026,10,27)>=Setup!$B$4,DATE(2026,10,27)<=Setup!$B$4+Setup!$B$5-1),Setup!$B$6+(DATE(2026,10,27)-Setup!$B$4)*Setup!$B$7,"") | D16: =IF(AND(DATE(2026,10,28)>=Setup!$B$4,DATE(2026,10,28)<=Setup!$B$4+Setup!$B$5-1),Setup!$B$6+(DATE(2026,10,28)-Setup!$B$4)*Setup!$B$7,"") | E16: =IF(AND(DATE(2026,10,29)>=Setup!$B$4,DATE(2026,10,29)<=Setup!$B$4+Setup!$B$5-1),Setup!$B$6+(DATE(2026,10,29)-Setup!$B$4)*Setup!$B$7,"") | F16: =IF(AND(DATE(2026,10,30)>=Setup!$B$4,DATE(2026,10,30)<=Setup!$B$4+Setup!$B$5-1),Setup!$B$6+(DATE(2026,10,30)-Setup!$B$4)*Setup!$B$7,"") | G16: =IF(AND(DATE(2026,10,31)>=Setup!$B$4,DATE(2026,10,31)<=Setup!$B$4+Setup!$B$5-1),Setup!$B$6+(DATE(2026,10,31)-Setup!$B$4)*Setup!$B$7,"")
A18: MONTHLY TOTAL SAVED | H18: =H3+H6+H9+H12+H15 -> 0
A20: Type Y in the small yellow box under an amount once you've saved it that day.
